Orv,Muckersie,omuckersie0@craigslist.org,Male,Voonte,Senior Sales Associate
Halsy,Vannikov,hvannikov1@omniture.com,Male,Avamm,Tax Accountant
Kenneth,Breckenridge,kbreckenridge2@netlog.com,Male,Camimbo,Environmental Specialist
Erin,Riditch,eriditch3@skyrock.com,Male,Fivechat,Business Systems Development Analyst
Archy,Volker,avolker4@wikipedia.org,Agender,Bluezoom,Electrical Engineer
Mathew,Cathee,mcathee5@newsvine.com,Male,Eadel,Civil Engineer
Jacob,Jahndel,jjahndel6@nhs.uk,Male,Edgeify,Administrative Assistant III
Tilly,Braithwaite,tbraithwaite7@goodreads.com,Female,Skyba,Geological Engineer
Loleta,Steeples,lsteeples8@ehow.com,Female,Flipstorm,Community Outreach Specialist
Frazer,Tomaskunas,ftomaskunas9@1688.com,Male,Feedbug,Teacher
Emmye,Douce,edoucea@dropbox.com,Female,Gigabox,Assistant Professor
Aura,Laister,alaisterb@scribd.com,Female,Skalith,Environmental Specialist
Suzie,Rashleigh,srashleighc@tumblr.com,Female,Oloo,Staff Accountant II
Ulrika,Walpole,uwalpoled@netvibes.com,Female,Yabox,Statistician IV
Dynah,Corss,dcorsse@surveymonkey.com,Female,Vitz,Environmental Specialist
Roi,Starrs,rstarrsf@ibm.com,Male,Skyvu,VP Quality Control
Tulley,Trustie,ttrustieg@senate.gov,Male,Livefish,Senior Cost Accountant
Clarisse,Lorryman,clorrymanh@imgur.com,Female,BlogXS,Environmental Specialist
Quinton,Applewhaite,qapplewhaitei@multiply.com,Male,Aibox,Sales Associate
Natal,Sedcole,nsedcolej@yahoo.co.jp,Male,Jabbersphere,Director of Sales
Lorilee,Maykin,lmaykink@ucla.edu,Female,Oyope,Financial Analyst
Melinda,Whenman,mwhenmanl@ifeng.com,Female,Bubblemix,Web Designer I
Coralie,Grinnov,cgrinnovm@webeden.co.uk,Non-binary,Babbleblab,Payment Adjustment Coordinator
Franny,Maycey,fmayceyn@livejournal.com,Female,Quire,Food Chemist
Kathi,Fewtrell,kfewtrello@icq.com,Female,Tekfly,Technical Writer
Farrand,Harmond,fharmondp@newsvine.com,Female,Topiczoom,Account Coordinator
Elissa,Heinl,eheinlq@indiatimes.com,Female,Dynava,Structural Engineer
Tanny,De La Salle,tdelasaller@123-reg.co.uk,Male,Innojam,Senior Sales Associate
Francyne,Munnings,fmunningss@businessinsider.com,Female,Leexo,Human Resources Manager
Valery,Crinidge,vcrinidget@discuz.net,Female,Feedspan,Senior Sales Associate
Yevette,Daniau,ydaniauu@google.co.jp,Female,Feedfire,Data Coordiator
Clemmy,Meuse,cmeusev@goo.gl,Male,Fivebridge,Graphic Designer
Pall,Knuckles,pknucklesw@bloomberg.com,Male,Skimia,Accounting Assistant I
Marietta,Ducker,mduckerx@fotki.com,Female,Skivee,Chemical Engineer
Noam,Carress,ncarressy@pen.io,Male,Brainlounge,Software Engineer I
Nerti,Hallor,nhallorz@utexas.edu,Female,Edgeclub,Assistant Manager
Merell,Slides,mslides10@dmoz.org,Male,Mydeo,Statistician III
Gordan,Keeton,gkeeton11@princeton.edu,Male,Photobug,Research Associate
Walker,Kerin,wkerin12@youku.com,Male,Innojam,Chemical Engineer
Vittoria,Middlewick,vmiddlewick13@mozilla.com,Female,Eimbee,Budget/Accounting Analyst II
Farlee,Ciccerale,fciccerale14@gmpg.org,Male,Dazzlesphere,Nurse
Bartolemo,Tenney,btenney15@wikipedia.org,Male,Oba,Software Test Engineer I
Dori,Sherebrook,dsherebrook16@blogs.com,Female,Thoughtsphere,Information Systems Manager
Diahann,Younghusband,dyounghusband17@macromedia.com,Female,Ooba,Computer Systems Analyst I
Rene,Capun,rcapun18@sfgate.com,Female,Lajo,Recruiter
Franchot,Becraft,fbecraft19@abc.net.au,Male,Pixoboo,Legal Assistant
Jeramey,Germaine,jgermaine1a@archive.org,Male,Yakijo,Environmental Tech
Spencer,Everit,severit1b@google.it,Male,Quatz,GIS Technical Architect
Ali,Garrold,agarrold1c@cyberchimps.com,Female,Centizu,Research Nurse
Fifine,Beekmann,fbeekmann1d@behance.net,Female,Jetpulse,Sales Representative
Donica,Jonathon,djonathon1e@mozilla.org,Female,Tekfly,Software Consultant
Tamarah,Bruhn,tbruhn1f@smugmug.com,Polygender,Blogspan,Recruiting Manager
Rudy,Vanshin,rvanshin1g@prweb.com,Male,InnoZ,Software Engineer II
Berkie,Eccleston,beccleston1h@sciencedirect.com,Male,Minyx,Senior Editor
Florencia,Anderbrugge,fanderbrugge1i@stumbleupon.com,Female,Viva,Chief Design Engineer
Amaleta,Brotherheed,abrotherheed1j@reuters.com,Female,Meezzy,Payment Adjustment Coordinator
Tybalt,Van den Velden,tvandenvelden1k@theguardian.com,Male,Flashspan,Assistant Media Planner
Rich,Stygall,rstygall1l@jigsy.com,Male,Quire,Sales Representative
Lonnie,Gratten,lgratten1m@youku.com,Male,Twimm,Account Executive
Carla,Fidal,cfidal1n@unesco.org,Female,Feedfire,Help Desk Operator
Lyn,Galletly,lgalletly1o@addthis.com,Male,Edgetag,Cost Accountant
Shalna,Egdal,segdal1p@sciencedaily.com,Female,Kwideo,Programmer Analyst I
Linnell,Petracci,lpetracci1q@youtube.com,Non-binary,InnoZ,Help Desk Technician
Maddy,Stocky,mstocky1r@sbwire.com,Female,Flipopia,Nurse Practicioner
Mersey,Gidney,mgidney1s@nydailynews.com,Female,Dabjam,Food Chemist
Langston,Massinger,lmassinger1t@exblog.jp,Male,Pixoboo,Software Engineer II
Antin,Fridaye,afridaye1u@ebay.com,Male,Wikizz,Legal Assistant
Eolande,Hands,ehands1v@squidoo.com,Female,Photobug,VP Product Management
Polly,Buse,pbuse1w@blog.com,Female,Flipbug,Engineer II
Farrah,Notman,fnotman1x@upenn.edu,Female,Eidel,Assistant Professor
Ingrim,Hobson,ihobson1y@miitbeian.gov.cn,Male,Vidoo,Civil Engineer
Iver,Igoe,iigoe1z@pagesperso-orange.fr,Male,Layo,Nurse Practicioner
Lucina,Goldthorp,lgoldthorp20@whitehouse.gov,Female,Dynazzy,Information Systems Manager
Shay,Muffitt,smuffitt21@ftc.gov,Female,Rhyzio,Librarian
Noah,Dericot,ndericot22@howstuffworks.com,Male,Edgepulse,Account Executive
Kizzee,Clows,kclows23@hp.com,Female,Vitz,VP Accounting
Wendeline,Penella,wpenella24@cbc.ca,Female,Gabvine,Librarian
Antons,Wrack,awrack25@phoca.cz,Male,Voonte,Social Worker
Norby,Melmoth,nmelmoth26@hexun.com,Male,Yambee,Administrative Officer
Missy,Lichtfoth,mlichtfoth27@vistaprint.com,Female,Realcube,General Manager
Boyd,Clausen-Thue,bclausenthue28@tinypic.com,Male,Rhynoodle,Software Test Engineer I
Lyda,Falvey,lfalvey29@pinterest.com,Female,Quamba,Sales Representative
Gretta,Agg,gagg2a@quantcast.com,Female,Edgeclub,Nuclear Power Engineer
Roslyn,Balstone,rbalstone2b@bigcartel.com,Female,Quatz,Quality Engineer
Herby,Tunna,htunna2c@miitbeian.gov.cn,Male,Myworks,Senior Sales Associate
Marven,Ulyat,mulyat2d@squarespace.com,Male,Oodoo,Database Administrator II
Gaylene,Alderman,galderman2e@alexa.com,Female,Trilia,Research Assistant IV
Abbe,Tufts,atufts2f@addtoany.com,Male,Brainverse,Programmer I
Rhianon,Thickpenny,rthickpenny2g@independent.co.uk,Polygender,Dynabox,Dental Hygienist
Thorn,Thumnel,tthumnel2h@reference.com,Male,Voonte,Financial Analyst
Andria,Ondrak,aondrak2i@uiuc.edu,Female,Skiptube,Senior Quality Engineer
Sunshine,Mapson,smapson2j@cpanel.net,Female,Wikivu,Pharmacist
Pamella,Yanyushkin,pyanyushkin2k@nydailynews.com,Female,Camido,Dental Hygienist
Gustave,Maps,gmaps2l@nbcnews.com,Polygender,Dabvine,Social Worker
Armand,McCloch,amccloch2m@google.cn,Male,Yamia,Librarian
Evelina,Holtaway,eholtaway2n@addtoany.com,Female,Quinu,Chief Design Engineer
Tatum,Seary,tseary2o@house.gov,Female,Yadel,Executive Secretary
Angelina,Bohike,abohike2p@ask.com,Female,Browsebug,Director of Sales
Rog,Shovell,rshovell2q@soup.io,Male,Thoughtstorm,Librarian
Eolande,Letten,eletten2r@reddit.com,Female,Leenti,Professor
Clyve,Rodenborch,crodenborch2s@phpbb.com,Bigender,Chatterpoint,Civil Engineer
Marie-ann,Sunners,msunners2t@issuu.com,Female,Realbridge,Graphic Designer
Guy,Bertram,gbertram2u@yahoo.com,Male,Livefish,Executive Secretary
Lucilia,Laxston,llaxston2v@arizona.edu,Agender,Geba,Health Coach IV
Giraldo,Mandal,gmandal2w@fastcompany.com,Male,Snaptags,Accounting Assistant I
Gwenny,Dunks,gdunks2x@vinaora.com,Female,Wikizz,Programmer Analyst I
Chev,Hidderley,chidderley2y@mit.edu,Male,Feedfish,Accountant IV
Tatum,Rhodes,trhodes2z@weebly.com,Female,Edgeify,Chief Design Engineer
Fin,Lyle,flyle30@people.com.cn,Male,Agivu,Nurse Practicioner
Ches,Downey,cdowney31@godaddy.com,Male,Zoomzone,Assistant Manager
Lonnie,Dukes,ldukes32@eventbrite.com,Female,Dabtype,Health Coach II
Pincus,Sweating,psweating33@psu.edu,Male,Babbleopia,Database Administrator I
Clemens,Midgely,cmidgely34@reddit.com,Male,Katz,Database Administrator II
Rita,Bichard,rbichard35@123-reg.co.uk,Female,Realmix,Executive Secretary
Jana,Bolmann,jbolmann36@linkedin.com,Female,Yambee,Cost Accountant
Talbert,Quince,tquince37@naver.com,Male,Vinte,Biostatistician IV
Curry,Pues,cpues38@google.co.jp,Male,Realpoint,Electrical Engineer
Waverly,Sine,wsine39@joomla.org,Male,Pixoboo,Cost Accountant
Marji,Ibbs,mibbs3a@twitpic.com,Female,Katz,Web Developer IV
Marcos,Bloggett,mbloggett3b@cnbc.com,Male,Skinder,Senior Sales Associate
Crosby,Band,cband3c@utexas.edu,Male,Livefish,Software Engineer IV
Gordie,Keeri,gkeeri3d@utexas.edu,Polygender,Photobug,Professor
Philippine,Robilliard,probilliard3e@craigslist.org,Female,Voonte,Human Resources Assistant III
Derrick,Mosdall,dmosdall3f@liveinternet.ru,Male,Shuffletag,Technical Writer
Irv,Brislen,ibrislen3g@nhs.uk,Male,Dazzlesphere,Physical Therapy Assistant
Faythe,Huscroft,fhuscroft3h@mozilla.org,Female,Tavu,Environmental Specialist
Alick,O' Molan,aomolan3i@elpais.com,Male,Quamba,VP Quality Control
Lavinia,Luton,lluton3j@constantcontact.com,Female,Mynte,Senior Cost Accountant
Malva,Blackboro,mblackboro3k@flavors.me,Female,Realmix,Geological Engineer
Chiarra,Clausen-Thue,cclausenthue3l@deviantart.com,Female,Twitterbeat,Human Resources Assistant II
Rosaline,Dracey,rdracey3m@clickbank.net,Female,Kare,Statistician II
Sonny,Philpault,sphilpault3n@ibm.com,Male,Tazz,Research Associate
Kylie,Gerbi,kgerbi3o@twitpic.com,Male,Divape,Database Administrator I
Carmine,Cambling,ccambling3p@vistaprint.com,Female,Skippad,Recruiting Manager
Ike,Spadazzi,ispadazzi3q@google.pl,Male,Aivee,Research Associate
Lethia,St. Ledger,lstledger3r@t.co,Female,Topdrive,Senior Developer
Devin,Gaynor,dgaynor3s@umich.edu,Male,Yambee,Help Desk Operator
Kerwin,Teresa,kteresa3t@tripod.com,Male,Fanoodle,Developer I
Fredi,Ricart,fricart3u@jugem.jp,Female,Livefish,Desktop Support Technician
Alyssa,Bordone,abordone3v@indiegogo.com,Female,Tagtune,Nurse
Adair,Phython,aphython3w@mail.ru,Male,Voonder,Clinical Specialist
Carlyn,Kinvig,ckinvig3x@google.nl,Female,Miboo,Senior Sales Associate
Lisetta,Bottoms,lbottoms3y@fotki.com,Female,Cogibox,Programmer IV
Kilian,Lundbeck,klundbeck3z@elegantthemes.com,Male,Jetwire,Accounting Assistant I
Harper,Barker,hbarker40@goo.ne.jp,Male,Realpoint,Sales Representative
Delano,Mawer,dmawer41@japanpost.jp,Male,Brainsphere,Librarian
Jeff,Rickerby,jrickerby42@virginia.edu,Male,Teklist,Systems Administrator IV
Lynette,Gatrell,lgatrell43@washingtonpost.com,Female,Youbridge,Speech Pathologist
Sean,Davidescu,sdavidescu44@ftc.gov,Male,Dabvine,Payment Adjustment Coordinator
Verla,Franzini,vfranzini45@over-blog.com,Female,Fadeo,VP Sales
Doris,Kirgan,dkirgan46@canalblog.com,Female,Skyvu,General Manager
Sheelah,Benardette,sbenardette47@ifeng.com,Female,Vimbo,Nurse Practicioner
Jenna,Cudd,jcudd48@amazon.com,Bigender,Skivee,Senior Financial Analyst
Lilly,Titcumb,ltitcumb49@rakuten.co.jp,Female,Flipopia,Design Engineer
Flor,oldey,foldey4a@zimbio.com,Genderqueer,Skinder,Quality Control Specialist
Dougy,Cersey,dcersey4b@opera.com,Male,Skibox,Nuclear Power Engineer
Filippa,Larkkem,flarkkem4c@flavors.me,Female,Riffpath,Desktop Support Technician
Saba,Le Breton,slebreton4d@icio.us,Female,Brainsphere,Staff Scientist
Chrysa,Dobby,cdobby4e@phpbb.com,Female,Yabox,Budget/Accounting Analyst III
Culley,Tomkin,ctomkin4f@bigcartel.com,Male,Photojam,Environmental Tech
Estrellita,Lequeux,elequeux4g@youku.com,Female,Skinte,Structural Analysis Engineer
Mischa,McVitie,mmcvitie4h@smugmug.com,Male,Skyba,Systems Administrator IV
Torie,Swale,tswale4i@statcounter.com,Female,Agivu,Actuary
Jamie,Banck,jbanck4j@wiley.com,Male,Vimbo,Sales Associate
Chen,Dutt,cdutt4k@imageshack.us,Male,Wordtune,Senior Editor
Jecho,Gunston,jgunston4l@uol.com.br,Polygender,Youopia,Accounting Assistant III
Ami,Ianizzi,aianizzi4m@elpais.com,Female,Riffwire,Mechanical Systems Engineer
Ladonna,Inman,linman4n@dailymotion.com,Female,Blogpad,Environmental Specialist
Auria,Perocci,aperocci4o@hugedomains.com,Non-binary,Quamba,Design Engineer
Addison,Thal,athal4p@icio.us,Polygender,Tekfly,Recruiter
Royce,Aspole,raspole4q@reuters.com,Male,Meevee,Compensation Analyst
Darb,Struttman,dstruttman4r@statcounter.com,Female,Ooba,Sales Representative
Erik,Paffley,epaffley4s@unesco.org,Male,Zoombox,Assistant Media Planner
Berty,Fernihough,bfernihough4t@latimes.com,Male,LiveZ,Software Test Engineer IV
Ethelin,Seedull,eseedull4u@51.la,Female,Eidel,Executive Secretary
Merv,O'Tierney,motierney4v@homestead.com,Male,Centidel,Human Resources Manager
Ethelda,St. Paul,estpaul4w@360.cn,Female,Skyba,Electrical Engineer
Law,Quemby,lquemby4x@fotki.com,Male,Eamia,Structural Analysis Engineer
Zak,Westwater,zwestwater4y@oakley.com,Male,Wikivu,Health Coach II
Reta,Checcucci,rcheccucci4z@rakuten.co.jp,Female,Thoughtstorm,Operator
Tabbi,Conaghan,tconaghan50@tumblr.com,Female,Rhyzio,Statistician II
Alleen,McMains,amcmains51@samsung.com,Female,Brainverse,Programmer Analyst II
Korie,Seifenmacher,kseifenmacher52@123-reg.co.uk,Female,Fanoodle,Executive Secretary
Rivalee,Godding,rgodding53@slideshare.net,Female,Jaxspan,Electrical Engineer
Teador,Choupin,tchoupin54@webeden.co.uk,Male,Einti,Physical Therapy Assistant
Aymer,Tomkowicz,atomkowicz55@simplemachines.org,Male,Digitube,Research Nurse
Atlante,Rotherham,arotherham56@weebly.com,Female,Kwinu,Mechanical Systems Engineer
Saraann,Kollaschek,skollaschek57@nasa.gov,Genderqueer,Tambee,Occupational Therapist
Cordey,Curcher,ccurcher58@furl.net,Female,Digitube,Web Designer I
Norry,Summerlie,nsummerlie59@netlog.com,Male,Gigashots,Tax Accountant
Dorise,Eakle,deakle5a@uiuc.edu,Polygender,Tagpad,Web Designer I
Merci,Grattan,mgrattan5b@google.pl,Female,Gigashots,Health Coach III
Arline,Giddens,agiddens5c@constantcontact.com,Genderqueer,Gigabox,Civil Engineer
Yevette,Stribbling,ystribbling5d@tripadvisor.com,Female,Brightbean,Director of Sales
Colette,Levesque,clevesque5e@examiner.com,Female,Topdrive,Web Designer IV
Brigham,Buddleigh,bbuddleigh5f@goodreads.com,Male,Gevee,Cost Accountant
Marissa,Morrice,mmorrice5g@irs.gov,Female,Dablist,Desktop Support Technician
Julina,Nowland,jnowland5h@myspace.com,Female,Bluejam,Software Test Engineer III
Lee,Stirland,lstirland5i@vk.com,Genderqueer,Riffwire,Legal Assistant
Verile,Liepins,vliepins5j@homestead.com,Female,Tavu,Registered Nurse
Frasier,Vivians,fvivians5k@oracle.com,Male,Kaymbo,Paralegal
Rosalind,Jacobowitz,rjacobowitz5l@wisc.edu,Female,Oyoyo,Biostatistician I
Tanner,Nardrup,tnardrup5m@dailymail.co.uk,Male,Livetube,Staff Accountant IV
Mariann,Clouter,mclouter5n@tripod.com,Female,Topiczoom,Paralegal
Alfonso,Battelle,abattelle5o@aol.com,Male,Twitterlist,Mechanical Systems Engineer
Elisabetta,Ganing,eganing5p@slate.com,Female,Linklinks,Staff Scientist
Esmeralda,Cullum,ecullum5q@merriam-webster.com,Bigender,Browsecat,Chief Design Engineer
Midge,Seyers,mseyers5r@hatena.ne.jp,Female,Jayo,Compensation Analyst
Hersch,Jeffreys,hjeffreys5s@soup.io,Male,Feedspan,Automation Specialist III
Ian,Dyment,idyment5t@cdbaby.com,Male,Skipstorm,Chief Design Engineer
Maurits,Vigneron,mvigneron5u@soundcloud.com,Male,Skinder,Sales Representative
Mata,Milliken,mmilliken5v@wordpress.org,Male,Dabvine,VP Quality Control
Leicester,Coplestone,lcoplestone5w@csmonitor.com,Male,Eazzy,Financial Advisor
Eleonore,Hainning,ehainning5x@umn.edu,Female,Ailane,Human Resources Assistant IV
Nan,Gagie,ngagie5y@bloomberg.com,Female,Miboo,Social Worker
Godard,Affuso,gaffuso5z@bing.com,Male,Meeveo,Business Systems Development Analyst
Cacilia,Cunah,ccunah60@qq.com,Female,Gevee,Operator
Riobard,Wooding,rwooding61@va.gov,Non-binary,Ozu,Librarian
Zabrina,Cowans,zcowans62@microsoft.com,Female,Oyondu,Account Coordinator
Leupold,Enric,lenric63@jugem.jp,Male,Skyvu,Legal Assistant
Joby,Harrow,jharrow64@google.com,Female,Topicblab,Associate Professor
Lita,Dacca,ldacca65@utexas.edu,Female,Gabtune,Food Chemist
Philippe,Tarpey,ptarpey66@slashdot.org,Female,Babblestorm,Dental Hygienist
Caron,Flanner,cflanner67@nifty.com,Female,Flipopia,Senior Sales Associate
Jeffy,Dafydd,jdafydd68@google.cn,Male,Abata,Senior Financial Analyst
Kristine,Pratten,kpratten69@indiatimes.com,Female,Teklist,Technical Writer
Marc,Caller,mcaller6a@cdbaby.com,Male,Youopia,Financial Advisor
Nalani,Klulik,nklulik6b@psu.edu,Female,Kwinu,Nurse
Antonietta,Kluss,akluss6c@sciencedirect.com,Female,Thoughtstorm,Internal Auditor
Rosalyn,Giuron,rgiuron6d@github.com,Female,Aimbu,Senior Editor
Burg,Bengal,bbengal6e@princeton.edu,Male,Dabjam,Editor
Cybill,Pllu,cpllu6f@china.com.cn,Female,Mydo,Marketing Manager
Rogerio,Firbanks,rfirbanks6g@opensource.org,Agender,Quamba,Senior Editor
Mae,Normington,mnormington6h@cbslocal.com,Female,Camimbo,Systems Administrator III
Meier,MacLardie,mmaclardie6i@ameblo.jp,Non-binary,Meevee,Design Engineer
Dyanna,Byars,dbyars6j@google.de,Female,Jabberstorm,Editor
Leontine,Trevor,ltrevor6k@eventbrite.com,Female,Livetube,Assistant Professor
Maire,Tooley,mtooley6l@networkadvertising.org,Female,Riffpath,Staff Scientist
Stewart,Scothorn,sscothorn6m@cornell.edu,Male,BlogXS,Web Designer III
Dinnie,Bulstrode,dbulstrode6n@pbs.org,Female,Divape,Product Engineer
Gan,Kealy,gkealy6o@amazon.com,Male,Quire,Geological Engineer
Maryanna,Berge,mberge6p@sakura.ne.jp,Female,Ntags,Research Assistant I
Niko,Burras,nburras6q@sina.com.cn,Male,Fliptune,Social Worker
Carissa,Claus,cclaus6r@icq.com,Genderqueer,Skivee,Speech Pathologist
Leroy,Dallosso,ldallosso6s@homestead.com,Male,Voonder,VP Product Management
Tabbi,Spong,tspong6t@addthis.com,Female,Cogilith,Product Engineer
Marti,Forrestill,mforrestill6u@businessweek.com,Female,Dazzlesphere,Nurse Practicioner
Francine,Eagles,feagles6v@addthis.com,Female,Rhynoodle,Graphic Designer
Darlene,Gladdolph,dgladdolph6w@storify.com,Female,Kwimbee,Clinical Specialist
Sebastien,Farncomb,sfarncomb6x@mozilla.com,Male,Skiba,Assistant Manager
Andreas,Greguol,agreguol6y@businessinsider.com,Male,Trupe,Business Systems Development Analyst
Codi,Yarrow,cyarrow6z@google.co.uk,Male,Flashdog,Research Nurse
Everard,Curbishley,ecurbishley70@blinklist.com,Male,Skinte,Account Coordinator
Adolf,Gadeaux,agadeaux71@t-online.de,Male,Meedoo,Speech Pathologist
Deirdre,Wards,dwards72@biblegateway.com,Female,Yakijo,Financial Analyst
Casar,Summerlad,csummerlad73@dyndns.org,Male,Twitterbeat,Financial Advisor
Hilliary,Pochon,hpochon74@canalblog.com,Female,Meembee,Nurse Practicioner
Jobye,Phillip,jphillip75@rakuten.co.jp,Female,Mynte,Account Executive
Armin,Morphew,amorphew76@github.com,Male,Oyonder,Administrative Assistant IV
Teena,Laurenty,tlaurenty77@addthis.com,Female,Zooveo,Nurse
Bud,Whitehorn,bwhitehorn78@digg.com,Male,Babbleopia,Accounting Assistant IV
Claudetta,Baguley,cbaguley79@latimes.com,Female,Zoomcast,Environmental Tech
Jody,Turban,jturban7a@i2i.jp,Female,Fiveclub,Teacher
Lainey,Caldecourt,lcaldecourt7b@mail.ru,Female,Trilia,Programmer I
Robena,Yegoshin,ryegoshin7c@noaa.gov,Female,Jaxspan,Engineer I
Godfree,Honniebal,ghonniebal7d@apache.org,Male,Roomm,Account Representative II
Alva,Ewings,aewings7e@epa.gov,Male,Blogtags,VP Quality Control
Ami,Hurton,ahurton7f@hp.com,Female,Pixoboo,Sales Associate
Alecia,Stonelake,astonelake7g@disqus.com,Female,Geba,Computer Systems Analyst IV
Dell,Matthiesen,dmatthiesen7h@harvard.edu,Male,Gigashots,Budget/Accounting Analyst I
Delly,Emmerson,demmerson7i@fotki.com,Female,LiveZ,Executive Secretary
Konstanze,O'Logan,kologan7j@xinhuanet.com,Bigender,Gigaclub,Registered Nurse
Dan,Bracchi,dbracchi7k@google.com.br,Male,Trupe,Sales Associate
Lief,Crosthwaite,lcrosthwaite7l@abc.net.au,Male,Linklinks,Assistant Media Planner
Anne-corinne,Shadrach,ashadrach7m@pen.io,Female,Flipopia,Assistant Manager
Wilfred,McIlvaney,wmcilvaney7n@delicious.com,Male,Kwinu,Dental Hygienist
Kameko,Mayger,kmayger7o@facebook.com,Female,Thoughtsphere,Programmer Analyst II
Yoshiko,Johnston,yjohnston7p@creativecommons.org,Female,Blogtags,Pharmacist
Janaye,Reddle,jreddle7q@tinypic.com,Female,Jabbersphere,Business Systems Development Analyst
Lorianne,Wallach,lwallach7r@cloudflare.com,Female,Meevee,Marketing Manager
Josepha,Bayliss,jbayliss7s@ezinearticles.com,Female,Youspan,Tax Accountant
Ham,Fortesquieu,hfortesquieu7t@blogspot.com,Polygender,Flashdog,Help Desk Technician
Stephine,Beste,sbeste7u@uol.com.br,Female,Cogidoo,Legal Assistant
Herold,Gymblett,hgymblett7v@foxnews.com,Male,Quatz,General Manager
Carlie,Joslyn,cjoslyn7w@webnode.com,Female,Topdrive,Design Engineer
Josephine,Pearson,jpearson7x@opensource.org,Female,Dabfeed,Design Engineer
Dixie,Hicks,dhicks7y@businesswire.com,Female,Izio,Environmental Tech
Etienne,Babbe,ebabbe7z@ask.com,Male,Yakidoo,Marketing Assistant
Bev,Isac,bisac80@topsy.com,Male,Realcube,Internal Auditor
Sherwin,Mabe,smabe81@livejournal.com,Male,Yodel,Human Resources Manager
Leia,Spellar,lspellar82@imgur.com,Female,Dabfeed,GIS Technical Architect
Darbee,Lashford,dlashford83@hc360.com,Male,Babbleblab,Physical Therapy Assistant
Jerrylee,Piddlehinton,jpiddlehinton84@wordpress.org,Agender,Topiczoom,Senior Editor
Marylou,Lohan,mlohan85@berkeley.edu,Female,Youtags,Computer Systems Analyst I
Charis,Burland,cburland86@liveinternet.ru,Female,Skibox,Data Coordiator
Oliver,Blizard,oblizard87@princeton.edu,Male,Skimia,Senior Sales Associate
Rinaldo,Matthesius,rmatthesius88@hugedomains.com,Male,Gigashots,Food Chemist
Kennan,Hackey,khackey89@skyrock.com,Male,Pixope,Nurse Practicioner
Essie,Measures,emeasures8a@dell.com,Female,Twinder,Financial Analyst
Sandi,Grzegorzewicz,sgrzegorzewicz8b@comsenz.com,Genderfluid,Viva,Database Administrator III
Lurette,Bliss,lbliss8c@java.com,Female,Gigashots,Environmental Tech
Melitta,Inman,minman8d@ezinearticles.com,Female,Gabtype,VP Marketing
Katya,Godfrey,kgodfrey8e@godaddy.com,Female,Plambee,Help Desk Technician
Mellicent,MacCallum,mmaccallum8f@zimbio.com,Female,Zoovu,Office Assistant II
Gal,Bandy,gbandy8g@bloomberg.com,Male,Tazzy,VP Accounting
Dorelia,Acosta,dacosta8h@51.la,Female,Digitube,Help Desk Operator
Cecelia,Silburn,csilburn8i@photobucket.com,Female,Zoonder,VP Marketing
Jorgan,Paule,jpaule8j@bbc.co.uk,Male,Tanoodle,Teacher
Carlie,Brunel,cbrunel8k@cmu.edu,Female,Trunyx,Staff Accountant II
Allie,Mowlam,amowlam8l@dailymail.co.uk,Agender,Gigabox,Staff Accountant I
Maurise,Orbon,morbon8m@plala.or.jp,Polygender,Realcube,Compensation Analyst
Edward,Sugg,esugg8n@washingtonpost.com,Male,Janyx,Health Coach I
Melodie,Baird,mbaird8o@soup.io,Bigender,Twitternation,Staff Accountant III
Erda,Franceschi,efranceschi8p@psu.edu,Female,Zoomdog,Research Assistant IV
Giustina,Kenryd,gkenryd8q@artisteer.com,Female,Wordpedia,Marketing Assistant
Adore,Sellars,asellars8r@springer.com,Female,Katz,Media Manager II
Derril,Kunes,dkunes8s@eepurl.com,Male,Devpoint,Senior Quality Engineer
Wylie,Lode,wlode8t@newyorker.com,Male,Skipfire,Internal Auditor
Egon,Eouzan,eeouzan8u@barnesandnoble.com,Male,Reallinks,Structural Analysis Engineer
Alecia,Haresnaip,aharesnaip8v@a8.net,Female,Lajo,Quality Control Specialist
Luce,McNicol,lmcnicol8w@yelp.com,Male,Chatterpoint,Research Associate
Tasia,Aspey,taspey8x@moonfruit.com,Female,Divanoodle,Marketing Assistant
Minor,Dewes,mdewes8y@guardian.co.uk,Male,Devshare,Electrical Engineer
Vasily,Parkeson,vparkeson8z@google.com,Male,Skyba,Statistician I
Andrey,Polino,apolino90@issuu.com,Male,Browseblab,Sales Associate
Agretha,Halfhyde,ahalfhyde91@over-blog.com,Female,Dabtype,Account Executive
Sutherland,Mathews,smathews92@unblog.fr,Male,Dabshots,Marketing Manager
Nanon,Urien,nurien93@trellian.com,Female,Kanoodle,Systems Administrator III
Calvin,De Metz,cdemetz94@google.com.hk,Non-binary,Browsetype,Environmental Tech
Seana,Grassett,sgrassett95@oracle.com,Female,Centizu,Senior Developer
Nicolai,Camilleri,ncamilleri96@liveinternet.ru,Male,Mynte,Design Engineer
Fred,Fibbitts,ffibbitts97@zimbio.com,Female,Izio,Human Resources Assistant I
Pren,Marusic,pmarusic98@icq.com,Bigender,Zoomcast,Nuclear Power Engineer
Jamesy,Grassot,jgrassot99@miibeian.gov.cn,Male,Dynabox,Technical Writer
Hendrik,MacHoste,hmachoste9a@yahoo.com,Male,Avaveo,Programmer II
Vevay,Cosgrive,vcosgrive9b@mapquest.com,Female,Voonder,Software Engineer II
Marylin,Georgeson,mgeorgeson9c@wikia.com,Female,Topicshots,Actuary
Catrina,Flew,cflew9d@tamu.edu,Non-binary,Yodel,Geological Engineer
Archaimbaud,Thurbon,athurbon9e@altervista.org,Male,Jaxnation,Environmental Specialist
Kerwin,Philipp,kphilipp9f@berkeley.edu,Male,Dazzlesphere,Civil Engineer
Orrin,Ticic,oticic9g@ted.com,Male,Vitz,Business Systems Development Analyst
Mavis,Lugard,mlugard9h@google.ca,Female,Vipe,Administrative Assistant II
Christel,Diemer,cdiemer9i@reference.com,Female,Buzzdog,Biostatistician III
Wilbur,Knoton,wknoton9j@xrea.com,Bigender,Janyx,Health Coach IV
Margi,Fellis,mfellis9k@huffingtonpost.com,Female,Avavee,Marketing Assistant
Mano,O'Luney,moluney9l@xrea.com,Male,Centizu,Recruiter
Jarad,Behninck,jbehninck9m@house.gov,Male,Zoonoodle,Technical Writer
Vasilis,Ovey,vovey9n@toplist.cz,Male,Thoughtbridge,Information Systems Manager
Rebekah,Lowndesbrough,rlowndesbrough9o@51.la,Non-binary,Jetpulse,Recruiter
Jo,Tabourin,jtabourin9p@sitemeter.com,Male,Twitterlist,GIS Technical Architect
Harcourt,Lapidus,hlapidus9q@1688.com,Male,Ainyx,Financial Analyst
Corty,Maasz,cmaasz9r@bloomberg.com,Genderfluid,Linklinks,Programmer IV
Queenie,Whimper,qwhimper9s@infoseek.co.jp,Female,Camido,Environmental Tech
Anderea,Fautly,afautly9t@cbsnews.com,Female,Teklist,Compensation Analyst
Sanderson,Moreby,smoreby9u@vinaora.com,Male,Browsedrive,Analyst Programmer
Markos,Burkill,mburkill9v@gnu.org,Male,Fivespan,Internal Auditor
Nicolle,Colly,ncolly9w@smugmug.com,Female,Yacero,Software Consultant
Fritz,Stronghill,fstronghill9x@amazonaws.com,Male,Trilith,Technical Writer
Lawrence,Crisford,lcrisford9y@joomla.org,Male,Yotz,Analyst Programmer
Adiana,Ouldcott,aouldcott9z@digg.com,Female,Flashpoint,Recruiter
Helenka,Favell,hfavella0@noaa.gov,Female,Zoombeat,Junior Executive
Ray,Hulse,rhulsea1@geocities.jp,Female,Jabbersphere,Registered Nurse
Alyce,Yanov,ayanova2@discovery.com,Female,Babbleset,Executive Secretary
Roanna,Bragger,rbraggera3@npr.org,Female,Realbridge,Senior Sales Associate
Garold,Claremont,gclaremonta4@economist.com,Polygender,Oyoba,Senior Developer
Melisande,Summersby,msummersbya5@so-net.ne.jp,Female,Skiba,Help Desk Technician
Cherin,Gallafant,cgallafanta6@hud.gov,Female,Lazz,Recruiting Manager
Gian,Flintoft,gflintofta7@about.com,Male,Demizz,VP Quality Control
Sigfried,Sawford,ssawforda8@amazon.co.uk,Male,Trunyx,Operator
Goldarina,Darlow,gdarlowa9@mac.com,Genderqueer,Browseblab,Research Assistant IV
Ailbert,Upwood,aupwoodaa@ovh.net,Male,Yakijo,Environmental Specialist
Harlin,Sego,hsegoab@mapquest.com,Male,Tanoodle,VP Quality Control
Maddi,Arnaudet,marnaudetac@netvibes.com,Female,Quinu,Chemical Engineer
Kirby,Darville,kdarvillead@wsj.com,Male,Demivee,Systems Administrator III
Fee,Chasle,fchasleae@cpanel.net,Male,Kanoodle,Geological Engineer
Beatrisa,Cardenoso,bcardenosoaf@senate.gov,Female,Cogilith,Engineer II
Tawsha,Kynaston,tkynastonag@sbwire.com,Female,Twiyo,Quality Control Specialist
Carlotta,Dudney,cdudneyah@irs.gov,Female,Rhybox,Civil Engineer
Eberhard,McGloughlin,emcgloughlinai@whitehouse.gov,Male,Edgepulse,Sales Associate
Britteny,Collidge,bcollidgeaj@123-reg.co.uk,Female,Yozio,Quality Control Specialist
Auberon,Thackham,athackhamak@wiley.com,Male,Gabtype,Recruiting Manager
Cullie,Sinderson,csindersonal@tuttocitta.it,Male,Dablist,VP Marketing
Bettine,Rubenovic,brubenovicam@indiatimes.com,Female,Eimbee,Web Developer III
Viola,Welds,vweldsan@liveinternet.ru,Female,Trudoo,Cost Accountant
Garrot,Lannon,glannonao@amazon.co.uk,Male,Fivechat,Marketing Assistant
Berthe,Maccraw,bmaccrawap@umich.edu,Female,Zooveo,Administrative Officer
Aleece,Dawdry,adawdryaq@chron.com,Female,Ainyx,Graphic Designer
Dino,Wilby,dwilbyar@businessweek.com,Male,Thoughtstorm,Marketing Manager
Kevan,Cardero,kcarderoas@uol.com.br,Genderfluid,Lazzy,Technical Writer
Brucie,Stickford,bstickfordat@pcworld.com,Male,Realmix,Media Manager I
Tonnie,Antonias,tantoniasau@google.es,Male,Voonte,Marketing Manager
Ivette,Baldassi,ibaldassiav@bigcartel.com,Female,Riffpath,Account Representative IV
Jo,Lister,jlisteraw@epa.gov,Genderfluid,Dablist,Programmer III
Chaim,Armsden,carmsdenax@weather.com,Male,Geba,Director of Sales
Robina,Janeczek,rjaneczekay@tripadvisor.com,Female,Ooba,Associate Professor
Lyn,Holde,lholdeaz@columbia.edu,Female,Thoughtworks,Help Desk Operator
Erich,Goodship,egoodshipb0@free.fr,Polygender,Trupe,Business Systems Development Analyst
Giovanni,Tufts,gtuftsb1@nature.com,Male,Realblab,Systems Administrator IV
Burke,Antonetti,bantonettib2@1688.com,Male,Ailane,Account Executive
Saunderson,Rosenschein,srosenscheinb3@columbia.edu,Male,Youtags,GIS Technical Architect
Carolina,Kohler,ckohlerb4@indiatimes.com,Female,Wikizz,Food Chemist
Reinhold,Kettlesing,rkettlesingb5@businesswire.com,Male,Linkbridge,Systems Administrator II
Jere,Cornwell,jcornwellb6@paypal.com,Female,Roombo,Information Systems Manager
Dwain,Bowhey,dbowheyb7@csmonitor.com,Male,Twitterworks,Business Systems Development Analyst
Ramon,Calltone,rcalltoneb8@aboutads.info,Male,Feedmix,Social Worker
Florry,Skittle,fskittleb9@redcross.org,Female,Realbuzz,Help Desk Operator
Sandie,Rumsey,srumseyba@cpanel.net,Female,Rhycero,Database Administrator IV
Alexei,Peebles,apeeblesbb@ihg.com,Bigender,Wikibox,Desktop Support Technician
Cate,Wordsworth,cwordsworthbc@xing.com,Female,Shufflebeat,Geological Engineer
Dido,Cardillo,dcardillobd@sourceforge.net,Female,Avaveo,Recruiter
Kain,Dutson,kdutsonbe@jalbum.net,Male,Zoombox,Environmental Tech
Randee,Abba,rabbabf@opera.com,Female,Demizz,Internal Auditor
Kaspar,Peascod,kpeascodbg@disqus.com,Male,Zoombeat,Product Engineer
Ripley,Cossem,rcossembh@army.mil,Male,Meejo,VP Quality Control
Ewell,Chedgey,echedgeybi@zdnet.com,Male,Mudo,Registered Nurse
Lacy,Glasbey,lglasbeybj@nationalgeographic.com,Female,Buzzbean,Systems Administrator III
Saba,Ralphs,sralphsbk@ask.com,Female,Kanoodle,Staff Accountant III
Tad,Eyre,teyrebl@twitpic.com,Male,Voonder,Assistant Manager
Silvano,Hriinchenko,shriinchenkobm@telegraph.co.uk,Male,Tanoodle,Senior Developer
Aleen,Anstiss,aanstissbn@vimeo.com,Genderfluid,Yodo,Electrical Engineer
Abagael,Fairburne,afairburnebo@com.com,Female,Katz,Information Systems Manager
Stoddard,Scotchforth,sscotchforthbp@smugmug.com,Agender,Voomm,Software Engineer I
Amandie,Vondrys,avondrysbq@huffingtonpost.com,Female,Shuffledrive,Chemical Engineer
Marlena,Vischi,mvischibr@wikipedia.org,Female,Tazz,Social Worker
Emogene,Rapps,erappsbs@zimbio.com,Female,Riffpath,Graphic Designer
Walther,McQuarter,wmcquarterbt@google.fr,Male,Voolith,GIS Technical Architect
Nydia,Treadway,ntreadwaybu@phoca.cz,Female,Gigashots,Product Engineer
Richmond,Hemmingway,rhemmingwaybv@free.fr,Male,Kanoodle,Web Designer III
Herve,Doag,hdoagbw@comsenz.com,Genderfluid,Jetwire,Web Designer I
Myrwyn,Shave,mshavebx@merriam-webster.com,Male,Eamia,Software Consultant
Alexis,Estrella,aestrellaby@craigslist.org,Female,Zoomdog,Budget/Accounting Analyst II
Margeaux,Norris,mnorrisbz@livejournal.com,Female,Rhybox,Social Worker
Nanon,Fero,nferoc0@arstechnica.com,Female,Skajo,Geological Engineer
Olin,Horsewood,ohorsewoodc1@miibeian.gov.cn,Male,Browsedrive,Marketing Assistant
Elenore,Di Biagio,edibiagioc2@washingtonpost.com,Female,Rhyloo,Structural Analysis Engineer
Rebecca,Gillham,rgillhamc3@latimes.com,Female,Thoughtsphere,Engineer IV
Barbee,Lampett,blampettc4@cyberchimps.com,Female,Jaxworks,Web Designer III
Aguistin,Lisett,alisettc5@privacy.gov.au,Male,Skivee,Staff Scientist
Worthy,Siddall,wsiddallc6@cocolog-nifty.com,Male,Oyoloo,Computer Systems Analyst I
Joycelin,Oakeby,joakebyc7@nifty.com,Female,Chatterpoint,GIS Technical Architect
Cullen,Bawles,cbawlesc8@sitemeter.com,Male,Tanoodle,Senior Editor
Glynis,Leak,gleakc9@answers.com,Female,Tazzy,Chief Design Engineer
Theodore,de Guerre,tdeguerreca@samsung.com,Genderqueer,Voomm,Engineer I
Duff,Craigg,dcraiggcb@walmart.com,Male,Cogidoo,Research Associate
Gris,Clynman,gclynmancc@dyndns.org,Male,Pixoboo,Administrative Officer
Trace,Stranks,tstrankscd@usa.gov,Male,JumpXS,Software Test Engineer IV
Muffin,Causton,mcaustonce@seattletimes.com,Male,Innojam,Tax Accountant
Lawry,Jouandet,ljouandetcf@tinyurl.com,Male,Viva,VP Accounting
Dallas,Bunkle,dbunklecg@surveymonkey.com,Male,Mybuzz,Health Coach III
Arnuad,Goodie,agoodiech@cargocollective.com,Male,Jaxbean,Geological Engineer
Andeee,Shasnan,ashasnanci@wikimedia.org,Female,Voomm,Financial Advisor
Kora,Exter,kextercj@ustream.tv,Genderfluid,Ailane,Data Coordiator
Ajay,Alu,aaluck@nih.gov,Female,Twimm,Actuary
Didi,Langmaid,dlangmaidcl@livejournal.com,Female,Quamba,Senior Cost Accountant
Kendell,Christmas,kchristmascm@wordpress.com,Non-binary,Oyonder,Safety Technician III
Burtie,Sprague,bspraguecn@yahoo.co.jp,Male,Flashpoint,Marketing Assistant
Devland,Rummins,drumminsco@webs.com,Male,Viva,Software Consultant
Di,Fairfull,dfairfullcp@vinaora.com,Female,Quimba,Health Coach IV
Annice,Bruhnicke,abruhnickecq@taobao.com,Female,Kaymbo,Desktop Support Technician
Madelin,Brosini,mbrosinicr@washingtonpost.com,Female,Avamba,Project Manager
Norri,Hedworth,nhedworthcs@youtu.be,Female,Gigabox,Assistant Media Planner
Heinrick,Steagall,hsteagallct@drupal.org,Male,Topiclounge,Actuary
Gwenny,Semiraz,gsemirazcu@stanford.edu,Female,Zazio,Editor
Coletta,Harder,chardercv@nih.gov,Female,Jabbersphere,Nurse
Charmane,Streater,cstreatercw@ovh.net,Female,Aivee,Budget/Accounting Analyst III
Pavel,Tevlin,ptevlincx@naver.com,Male,Dabjam,Compensation Analyst
Nariko,Nelsen,nnelsency@cornell.edu,Female,Blogspan,Community Outreach Specialist
Giuseppe,Inworth,ginworthcz@sciencedaily.com,Male,Yadel,Data Coordiator
Wilie,Brissard,wbrissardd0@istockphoto.com,Female,Quatz,Associate Professor
Byrom,Creswell,bcreswelld1@indiegogo.com,Male,Zazio,Civil Engineer
Marietta,Cassel,mcasseld2@creativecommons.org,Female,Riffpedia,Account Coordinator
Janis,Callen,jcallend3@friendfeed.com,Polygender,Wikivu,Database Administrator I
Enrique,Hunnicutt,ehunnicuttd4@tmall.com,Male,Kwinu,Web Developer IV
Jackie,Crolly,jcrollyd5@hexun.com,Female,Eamia,Information Systems Manager
Xever,Birckmann,xbirckmannd6@fema.gov,Male,Tagtune,Geological Engineer
Dynah,Gynne,dgynned7@jiathis.com,Female,Vitz,Legal Assistant
Fairleigh,Tomlinson,ftomlinsond8@tuttocitta.it,Male,Oba,Information Systems Manager
Leighton,Rogister,lrogisterd9@jigsy.com,Male,Bubbletube,Statistician III
Ric,Dran,rdranda@walmart.com,Male,Teklist,Senior Quality Engineer
Kellby,Kevis,kkevisdb@howstuffworks.com,Male,Jaxworks,Assistant Professor
Larina,Blaney,lblaneydc@booking.com,Bigender,Trilith,Internal Auditor
Belva,Beveridge,bbeveridgedd@newsvine.com,Female,Gabcube,Project Manager
Adelind,Formilli,aformillide@taobao.com,Genderqueer,Dynabox,Senior Quality Engineer
Matty,Malter,mmalterdf@squidoo.com,Female,Shufflester,Administrative Officer
Charley,Maddox,cmaddoxdg@is.gd,Male,Digitube,Nuclear Power Engineer
Tybalt,Cowdroy,tcowdroydh@yale.edu,Male,Fivespan,Senior Quality Engineer
Jazmin,Burdis,jburdisdi@state.tx.us,Female,Buzzbean,Social Worker
Kile,Domican,kdomicandj@storify.com,Male,Realmix,Legal Assistant
Thaddeus,Featherstonehaugh,tfeatherstonehaughdk@instagram.com,Male,Twitternation,Health Coach III
Antoni,Jukubczak,ajukubczakdl@nydailynews.com,Male,Kwinu,Administrative Assistant III
Wyatan,Purseglove,wpurseglovedm@umich.edu,Male,Mydeo,Web Developer III
Bentley,Probate,bprobatedn@jalbum.net,Male,Browseblab,Director of Sales
Hayden,Glyde,hglydedo@gmpg.org,Polygender,Gigashots,VP Marketing
Evangelia,Burner,eburnerdp@diigo.com,Agender,Zooveo,Database Administrator I
Starlin,Durante,sdurantedq@cmu.edu,Female,Jabbertype,Desktop Support Technician
Bone,Tregust,btregustdr@dailymotion.com,Male,Rhyloo,Administrative Assistant I
Doralia,Demead,ddemeadds@house.gov,Female,Twitterbeat,Help Desk Technician
Prentice,Raff,praffdt@mail.ru,Male,Linkbuzz,Business Systems Development Analyst
Waneta,Crowthe,wcrowthedu@adobe.com,Female,Janyx,Help Desk Technician
Latia,Worsfield,lworsfielddv@qq.com,Female,Voonyx,Senior Developer
Zea,Sifleet,zsifleetdw@blinklist.com,Female,Topiczoom,Environmental Specialist
Merline,Balazs,mbalazsdx@typepad.com,Female,Oyope,Design Engineer
Alwin,Culross,aculrossdy@tinyurl.com,Male,Mynte,Safety Technician I
Caryl,Dominico,cdominicodz@nationalgeographic.com,Male,Skipstorm,Graphic Designer
Ephraim,D'Alesco,edalescoe0@free.fr,Male,Jaxworks,Payment Adjustment Coordinator
Michele,Wagen,mwagene1@fema.gov,Male,Thoughtsphere,Social Worker
Silas,Bauer,sbauere2@dedecms.com,Male,Minyx,Web Developer II
Shaun,Harbron,sharbrone3@goodreads.com,Female,Rhynoodle,VP Accounting
Othilia,Coppock.,ocoppocke4@goo.ne.jp,Non-binary,Jaxbean,Automation Specialist II
My,Kindle,mkindlee5@pcworld.com,Male,Voomm,Librarian
Loise,Hinstridge,lhinstridgee6@123-reg.co.uk,Female,Flashpoint,Junior Executive
Riccardo,Jailler,rjaillere7@amazonaws.com,Male,Voolith,Dental Hygienist
Vania,Andrew,vandrewe8@cyberchimps.com,Female,Devpulse,Business Systems Development Analyst
Thadeus,Jaggli,tjagglie9@dion.ne.jp,Male,Tavu,Environmental Specialist
Rickert,Bedham,rbedhamea@blogs.com,Genderqueer,Dynabox,Legal Assistant
Gothart,Shuker,gshukereb@free.fr,Male,Gabtune,Community Outreach Specialist
Joshua,Markwelley,jmarkwelleyec@istockphoto.com,Male,Mudo,VP Quality Control
Gerty,Ingarfill,gingarfilled@github.io,Female,Blognation,Technical Writer
Heinrik,Althorpe,halthorpeee@cnn.com,Male,Tavu,Paralegal
Wilie,Bly,wblyef@alexa.com,Female,Livetube,Information Systems Manager
Reyna,MacQuarrie,rmacquarrieeg@purevolume.com,Female,Pixonyx,Desktop Support Technician
Tatum,Girardengo,tgirardengoeh@house.gov,Female,Yotz,Automation Specialist II
Marika,Paraman,mparamanei@ezinearticles.com,Female,Realfire,Account Coordinator
Catie,Zorn,czornej@cdc.gov,Female,Gabcube,Geological Engineer
Karlen,Scothron,kscothronek@census.gov,Agender,Trupe,Compensation Analyst
Thor,De Ferrari,tdeferrariel@answers.com,Male,Oyope,Software Consultant
Kristoffer,Lardeur,klardeurem@scientificamerican.com,Male,Gigashots,Social Worker
Rosalind,Senner,rsenneren@lycos.com,Female,Skaboo,Statistician I
Andie,Sink,asinkeo@pbs.org,Male,Pixonyx,Software Test Engineer IV
Steffen,Ferreri,sferreriep@moonfruit.com,Male,Ainyx,GIS Technical Architect
Sheelagh,Lahiff,slahiffeq@qq.com,Female,Yakijo,Research Nurse
Auberta,Tomaschke,atomaschkeer@ovh.net,Female,Jetwire,Marketing Manager
Kilian,Mirrlees,kmirrleeses@ft.com,Male,Ailane,Research Nurse
Barbe,Prosch,bproschet@timesonline.co.uk,Female,Twitterbeat,Quality Engineer
Randi,Tommasi,rtommasieu@netlog.com,Female,Wordify,Information Systems Manager
Sheri,Sherratt,ssherrattev@wunderground.com,Genderqueer,Leenti,Environmental Specialist
Freddy,Pfeuffer,fpfeufferew@behance.net,Female,Twinder,Systems Administrator II
Malva,Trobey,mtrobeyex@eventbrite.com,Polygender,Avaveo,Data Coordiator
Riane,Glyssanne,rglyssanneey@vistaprint.com,Female,Talane,Operator
Konrad,De Metz,kdemetzez@dedecms.com,Male,Zoombeat,Pharmacist
Wilton,Seiler,wseilerf0@cargocollective.com,Male,Flashspan,Professor
Marguerite,Luberto,mlubertof1@php.net,Female,Centidel,Financial Analyst
Marcellus,Moxon,mmoxonf2@geocities.jp,Male,Dabtype,Payment Adjustment Coordinator
Michelina,Hargrove,mhargrovef3@toplist.cz,Female,Realpoint,Structural Analysis Engineer
Afton,Cull,acullf4@ibm.com,Female,Vidoo,Accounting Assistant I
Yves,Godwin,ygodwinf5@salon.com,Male,Buzzdog,Director of Sales
Dosi,Dutnall,ddutnallf6@pen.io,Female,Browsecat,Marketing Assistant
Jaynell,Fulk,jfulkf7@alexa.com,Female,Gigashots,Accountant II
Alexandro,Beiderbecke,abeiderbeckef8@salon.com,Male,Yotz,Quality Control Specialist
Fernanda,Lancastle,flancastlef9@dot.gov,Female,Eidel,Administrative Officer
Tomas,Feldheim,tfeldheimfa@fda.gov,Male,Twitterlist,Dental Hygienist
Ganny,Redwall,gredwallfb@wikipedia.org,Male,Skalith,Media Manager I
Mort,Moulsdall,mmoulsdallfc@un.org,Male,Yoveo,VP Quality Control
Harriott,Bargery,hbargeryfd@gnu.org,Female,Feedfish,Media Manager I
Winnie,Akett,wakettfe@4shared.com,Female,Twitterbridge,Internal Auditor
Nowell,Leteurtre,nleteurtreff@boston.com,Male,Skivee,Design Engineer
Elianora,Dyka,edykafg@blog.com,Female,Skinder,Account Coordinator
Carlene,Roydon,croydonfh@php.net,Female,Kazio,Human Resources Assistant III
Marya,Covelle,mcovellefi@newsvine.com,Polygender,Devshare,Administrative Officer
Tallia,Diaper,tdiaperfj@people.com.cn,Female,Browsetype,Administrative Officer
Jorie,Shrigley,jshrigleyfk@statcounter.com,Bigender,Skibox,Software Engineer I
Olwen,Eliyahu,oeliyahufl@dion.ne.jp,Polygender,Kare,Analyst Programmer
Lancelot,Endecott,lendecottfm@upenn.edu,Male,Digitube,Occupational Therapist
Dolorita,Angier,dangierfn@apple.com,Female,Tavu,VP Marketing
Ellary,Swanborrow,eswanborrowfo@bbc.co.uk,Male,Skajo,Civil Engineer
Horten,Guinan,hguinanfp@baidu.com,Male,Jatri,Pharmacist
Arlyne,Ceschini,aceschinifq@hud.gov,Female,Fadeo,Staff Scientist
Arney,Rizzardo,arizzardofr@deliciousdays.com,Agender,Dablist,Human Resources Manager
Kurt,Ingamells,kingamellsfs@fda.gov,Polygender,Buzzshare,Safety Technician IV
Delcina,Flanaghan,dflanaghanft@japanpost.jp,Female,Edgeify,Community Outreach Specialist
Harbert,Brammer,hbrammerfu@chronoengine.com,Male,Skimia,Automation Specialist IV
Jasmine,Accum,jaccumfv@example.com,Female,Eidel,Senior Cost Accountant
Baudoin,Pine,bpinefw@pbs.org,Male,Thoughtmix,Software Engineer IV
Aurie,McGinly,amcginlyfx@furl.net,Female,Realbuzz,Compensation Analyst
Ky,Kupisz,kkupiszfy@fc2.com,Male,Rhyloo,Human Resources Assistant III
Dimitry,Lockyer,dlockyerfz@cyberchimps.com,Male,Flipstorm,Community Outreach Specialist
Niles,Ilymanov,nilymanovg0@goodreads.com,Male,Jabberstorm,Data Coordiator
Thelma,Middler,tmiddlerg1@google.com.br,Female,Mynte,Budget/Accounting Analyst I
Marietta,Bowles,mbowlesg2@wix.com,Male,Linklinks,Human Resources Assistant IV
Marlena,Karpychev,mkarpychevg3@google.com.br,Female,Kimia,Help Desk Technician
Matti,Richin,mriching4@craigslist.org,Female,Kaymbo,Developer II
Dorella,Dangerfield,ddangerfieldg5@mlb.com,Bigender,Jaxnation,Account Coordinator
Kellina,Anand,kanandg6@google.fr,Female,Gigashots,Nurse Practicioner
Ailee,Olczak,aolczakg7@google.it,Female,Twinte,Nuclear Power Engineer
Patty,Bortolomei,pbortolomeig8@webeden.co.uk,Male,Twimbo,Actuary
Allissa,Varian,avariang9@topsy.com,Female,Skippad,Sales Associate
Anni,Ruck,aruckga@addthis.com,Female,Yabox,Desktop Support Technician
Jo-ann,Pettingall,jpettingallgb@weibo.com,Female,Thoughtblab,Human Resources Assistant II
Tamqrah,Hallin,thallingc@yelp.com,Bigender,Jamia,Nuclear Power Engineer
Myrlene,Tuberfield,mtuberfieldgd@so-net.ne.jp,Female,Kwideo,Pharmacist
Aileen,Cribbins,acribbinsge@ca.gov,Female,Kayveo,Safety Technician IV
Zorana,Pickle,zpicklegf@furl.net,Female,Flashset,VP Quality Control
Kerr,Le Blanc,kleblancgg@indiegogo.com,Male,Reallinks,Assistant Professor
Simmonds,Toten,stotengh@reverbnation.com,Male,Jayo,Occupational Therapist
Marlyn,Ovize,movizegi@sitemeter.com,Female,Twiyo,Desktop Support Technician
Rolland,Jermin,rjermingj@reference.com,Male,Linklinks,Food Chemist
Christoffer,Wrightem,cwrightemgk@weebly.com,Male,Topicshots,Analyst Programmer
Angus,Storms,astormsgl@epa.gov,Male,Thoughtworks,General Manager
Antonietta,Murricanes,amurricanesgm@macromedia.com,Female,Gigazoom,Environmental Specialist
Davina,Blazevic,dblazevicgn@tuttocitta.it,Female,Mydo,Design Engineer
Howie,Rossoni,hrossonigo@domainmarket.com,Male,Skipstorm,GIS Technical Architect
Karna,Smithen,ksmithengp@ibm.com,Female,Oloo,Financial Analyst
Peta,Codner,pcodnergq@spotify.com,Agender,Aimbu,Food Chemist
Jeno,Renneke,jrennekegr@pagesperso-orange.fr,Male,Edgewire,Web Designer III
Holly,Hutson,hhutsongs@marriott.com,Bigender,Edgeblab,Clinical Specialist
Elie,Daunter,edauntergt@google.co.jp,Bigender,Twitternation,Administrative Assistant II
Stephine,Kennham,skennhamgu@google.pl,Female,Topdrive,Junior Executive
Hesther,Hosby,hhosbygv@ftc.gov,Female,Zoombox,Environmental Tech
Shelagh,Cato,scatogw@mit.edu,Female,Meezzy,Quality Control Specialist
Abbott,McKenna,amckennagx@unc.edu,Male,Oloo,Financial Analyst
Cazzie,Eaton,ceatongy@a8.net,Male,Feedmix,Internal Auditor
Coleman,Gilfillan,cgilfillangz@cargocollective.com,Male,Blogspan,Help Desk Operator
Riordan,Antonnikov,rantonnikovh0@flavors.me,Male,Zoonder,Analyst Programmer
Sascha,Pillans,spillansh1@feedburner.com,Female,Voonte,VP Quality Control
Cosimo,Handman,chandmanh2@noaa.gov,Male,Photobug,Automation Specialist III
Salvador,Pulbrook,spulbrookh3@toplist.cz,Genderqueer,Aimbu,Pharmacist
Coretta,Liston,clistonh4@oracle.com,Female,Linkbuzz,Sales Representative
Corene,Raynor,craynorh5@paginegialle.it,Female,Feedmix,Analyst Programmer
Amaleta,Deverell,adeverellh6@cocolog-nifty.com,Female,Yombu,Biostatistician III
Lazarus,Casaro,lcasaroh7@sciencedaily.com,Male,Realcube,Safety Technician I
Starlin,Going,sgoingh8@google.de,Female,Vinder,Design Engineer
Ula,Barstowk,ubarstowkh9@elegantthemes.com,Female,Wordify,Budget/Accounting Analyst IV
Gregor,Barczynski,gbarczynskiha@skyrock.com,Male,Babblestorm,Structural Analysis Engineer
Estrella,Pawels,epawelshb@angelfire.com,Female,Yodo,Chemical Engineer
Archaimbaud,Ashpital,aashpitalhc@stumbleupon.com,Male,Skajo,Human Resources Manager
Krisha,Breyt,kbreythd@smugmug.com,Genderfluid,Realcube,Marketing Manager
Michale,Scoffins,mscoffinshe@github.io,Male,Jayo,Administrative Assistant IV
Grace,Ginman,gginmanhf@dyndns.org,Female,Topiczoom,Internal Auditor
Madlin,Quince,mquincehg@mysql.com,Female,LiveZ,Senior Developer
Casie,Castelot,ccastelothh@arizona.edu,Female,Buzzshare,Systems Administrator III
Lin,Dacey,ldaceyhi@jalbum.net,Male,Demizz,Marketing Manager
Sheryl,Maldin,smaldinhj@devhub.com,Female,Aibox,Biostatistician IV
Brita,Torns,btornshk@nih.gov,Female,Zoomcast,Sales Associate
Jimmie,Salery,jsaleryhl@github.io,Male,Innojam,Accounting Assistant IV
Saul,Laviste,slavistehm@geocities.jp,Polygender,Thoughtblab,Administrative Officer
Oswell,Yushachkov,oyushachkovhn@cdc.gov,Male,Dynazzy,Graphic Designer
Roxanna,St Pierre,rstpierreho@springer.com,Genderqueer,Zoomzone,Payment Adjustment Coordinator
Berke,Bohlmann,bbohlmannhp@unesco.org,Male,Centidel,Research Nurse
Inge,Malenoir,imalenoirhq@bluehost.com,Female,Mynte,Research Associate
Basile,McAndie,bmcandiehr@upenn.edu,Male,Avamm,Senior Cost Accountant
Marcus,Dunkerton,mdunkertonhs@ca.gov,Male,Zazio,Developer III
Mollie,Pilbury,mpilburyht@mail.ru,Female,Divavu,Research Assistant III
Baron,Garwood,bgarwoodhu@webeden.co.uk,Male,Ailane,Health Coach IV
Koo,Goodinson,kgoodinsonhv@typepad.com,Female,Kazio,Environmental Specialist
Lynn,Kliche,lklichehw@e-recht24.de,Male,Wordpedia,Senior Cost Accountant
Nata,Dinkin,ndinkinhx@tumblr.com,Female,Shuffletag,Geological Engineer
Natal,Rigts,nrigtshy@nyu.edu,Male,Brainsphere,Teacher
Ilise,Charrington,icharringtonhz@dyndns.org,Female,Brightdog,Senior Quality Engineer
Verne,Jensen,vjenseni0@princeton.edu,Male,Devpoint,Compensation Analyst
Jana,Baccas,jbaccasi1@fc2.com,Female,Thoughtsphere,Budget/Accounting Analyst IV
Cathie,MacDowall,cmacdowalli2@amazon.co.jp,Female,Topicshots,Senior Cost Accountant
Noak,Etteridge,netteridgei3@123-reg.co.uk,Genderfluid,Voonte,Chief Design Engineer
Hadleigh,Poltun,hpoltuni4@marketwatch.com,Male,Kazu,Teacher
Janifer,Cheyne,jcheynei5@thetimes.co.uk,Female,Jayo,Information Systems Manager
Ximenez,Hayne,xhaynei6@un.org,Male,Skynoodle,Help Desk Operator
Serge,Rooze,sroozei7@unc.edu,Male,Wikibox,Professor
Melvin,Balassi,mbalassii8@usnews.com,Male,Bluejam,Graphic Designer
Enos,Dorro,edorroi9@ifeng.com,Male,Mydeo,Assistant Professor
Pace,Keunemann,pkeunemannia@toplist.cz,Male,Photobean,Speech Pathologist
Hannis,Micheau,hmicheauib@jigsy.com,Bigender,Meeveo,GIS Technical Architect
Mara,Morigan,mmoriganic@nydailynews.com,Female,Brainlounge,Account Executive
Jaquenette,Innocent,jinnocentid@themeforest.net,Female,Livepath,Financial Analyst
Brade,Juszczak,bjuszczakie@wikia.com,Bigender,Jabberstorm,Marketing Assistant
Bing,Rieflin,brieflinif@telegraph.co.uk,Male,Flashspan,Design Engineer
Aldin,Yegoshin,ayegoshinig@nifty.com,Male,Skiba,Speech Pathologist
Tawnya,Ludlem,tludlemih@hp.com,Female,Edgeify,VP Quality Control
Onfroi,Stonelake,ostonelakeii@economist.com,Male,Trunyx,Software Consultant
Phip,McGrale,pmcgraleij@ow.ly,Male,Realfire,Senior Quality Engineer
Frances,Petticrow,fpetticrowik@altervista.org,Female,Quinu,Structural Engineer
Alic,Pettis,apettisil@cmu.edu,Male,Youtags,Data Coordiator
Alden,Sail,asailim@twitter.com,Male,Fivechat,Dental Hygienist
Risa,Wrathall,rwrathallin@whitehouse.gov,Female,Oloo,Programmer I
Enrique,Zaple,ezapleio@apache.org,Male,Yadel,Executive Secretary
Hartwell,Probat,hprobatip@sogou.com,Male,Aibox,Librarian
Brandyn,Englefield,benglefieldiq@unesco.org,Male,Jabberstorm,VP Quality Control
Linzy,Kirgan,lkirganir@oakley.com,Female,Flashpoint,Chief Design Engineer
Adan,Beddis,abeddisis@wikia.com,Male,Teklist,Biostatistician II
Hilarius,Rudsdale,hrudsdaleit@answers.com,Male,Brainverse,VP Sales
Adrianne,Pellew,apellewiu@example.com,Female,Youspan,Senior Developer
Ame,Mioni,amioniiv@uiuc.edu,Genderqueer,Thoughtsphere,Human Resources Manager
Sena,Ottery,sotteryiw@t.co,Female,Browsecat,Developer IV
Shaughn,Donisi,sdonisiix@goo.gl,Male,Riffpath,Tax Accountant
Kary,O'Shavlan,koshavlaniy@ezinearticles.com,Female,Topdrive,Internal Auditor
Irv,Frounks,ifrounksiz@salon.com,Male,Centizu,Research Associate
Abeu,Hills,ahillsj0@economist.com,Male,Feedbug,Programmer II
Juanita,Bonn,jbonnj1@google.pl,Female,Avamm,Senior Sales Associate
Symon,Hadgraft,shadgraftj2@cmu.edu,Male,Devshare,Associate Professor
Essa,Pedican,epedicanj3@usatoday.com,Female,Realfire,Physical Therapy Assistant
Gaye,Twaite,gtwaitej4@ed.gov,Female,Meeveo,General Manager
Leonid,Odcroft,lodcroftj5@abc.net.au,Bigender,Brightbean,Staff Scientist
Foster,Botha,fbothaj6@smh.com.au,Male,Ntags,Business Systems Development Analyst
Min,Dopson,mdopsonj7@unblog.fr,Female,Babbleblab,Engineer II
Symon,Greguoli,sgreguolij8@nature.com,Male,Skipstorm,Financial Advisor
Gian,Rispine,grispinej9@weather.com,Male,Dynabox,Senior Financial Analyst
Ugo,Wastling,uwastlingja@prlog.org,Male,Wordtune,Human Resources Assistant I
Rutger,Avrasin,ravrasinjb@odnoklassniki.ru,Male,Fivebridge,Data Coordiator
Elia,Tarbard,etarbardjc@squidoo.com,Male,Twinte,Community Outreach Specialist
Madelyn,Dinnage,mdinnagejd@google.com,Female,Kamba,Environmental Specialist
Seward,Hamberstone,shamberstoneje@gmpg.org,Male,Eayo,Biostatistician I
Juanita,Merricks,jmerricksjf@google.ru,Female,Browsebug,Research Nurse
Jerry,Rotchell,jrotchelljg@geocities.com,Male,Skyndu,VP Product Management
Allegra,Skentelbery,askentelberyjh@timesonline.co.uk,Female,Realmix,Software Consultant
Jocko,McGairl,jmcgairlji@tuttocitta.it,Bigender,Wikizz,Administrative Assistant IV
Justinn,Blandamere,jblandamerejj@jugem.jp,Female,Voomm,Internal Auditor
Maegan,Poxton,mpoxtonjk@psu.edu,Female,Wikibox,Product Engineer
Berget,Letten,blettenjl@tripadvisor.com,Female,Blogspan,Professor
Dionisio,Goddman,dgoddmanjm@webmd.com,Male,Blogtags,Administrative Officer
Lucille,Gladbach,lgladbachjn@goo.gl,Female,Realpoint,Help Desk Technician
Nathaniel,Couper,ncouperjo@seattletimes.com,Male,Dynava,Geologist II
Tresa,Shimmans,tshimmansjp@accuweather.com,Female,Leexo,Chief Design Engineer
Franky,Kemmons,fkemmonsjq@redcross.org,Bigender,Topdrive,Operator
Kirbie,Norsister,knorsisterjr@weibo.com,Female,Wordtune,Business Systems Development Analyst
Lodovico,Athridge,lathridgejs@europa.eu,Male,Voolia,Paralegal
Vanya,Tribbeck,vtribbeckjt@hibu.com,Bigender,Realcube,Desktop Support Technician
Herta,Trowill,htrowillju@nytimes.com,Agender,Jatri,Structural Analysis Engineer
Sidney,Este,sestejv@independent.co.uk,Male,Realcube,Business Systems Development Analyst
Babb,Crack,bcrackjw@bloglines.com,Female,Linkbuzz,Safety Technician II
Leonie,Catterill,lcatterilljx@army.mil,Genderfluid,Blogtag,Graphic Designer
Bran,Brandolini,bbrandolinijy@guardian.co.uk,Male,Roodel,Environmental Specialist
Rudy,Lightbourn,rlightbournjz@auda.org.au,Male,Tazzy,Professor
Mitzi,Cawley,mcawleyk0@hugedomains.com,Female,Quinu,Environmental Specialist
Charmaine,Marklund,cmarklundk1@csmonitor.com,Polygender,Plajo,Tax Accountant
Vanda,Deakins,vdeakinsk2@army.mil,Female,Gigazoom,Financial Advisor
Avigdor,Goodlatt,agoodlattk3@deliciousdays.com,Male,Skajo,Environmental Specialist
Charmian,Trusse,ctrussek4@reverbnation.com,Female,Topicshots,Staff Accountant IV
Ansel,d'Arcy,adarcyk5@usgs.gov,Male,Skajo,Analyst Programmer
Rosanne,Antonioni,rantonionik6@weather.com,Female,Cogidoo,Editor
Alene,Kapiloff,akapiloffk7@home.pl,Female,Skidoo,Environmental Specialist
Opaline,Skipsea,oskipseak8@ameblo.jp,Female,Oyoba,Chief Design Engineer
Starr,Blinckhorne,sblinckhornek9@usatoday.com,Bigender,Photobug,Senior Editor
Bessy,Ansett,bansettka@over-blog.com,Female,Gevee,VP Accounting
Lillian,Hannaford,lhannafordkb@usda.gov,Female,Muxo,Tax Accountant
Rodolph,Slatter,rslatterkc@ow.ly,Male,Eadel,Help Desk Operator
Nat,Kem,nkemkd@omniture.com,Male,Bubblemix,Chief Design Engineer
Skipper,Ince,sinceke@tuttocitta.it,Male,Fadeo,Registered Nurse
Jourdain,Stratz,jstratzkf@hostgator.com,Male,Meeveo,Community Outreach Specialist
Lana,Stockney,lstockneykg@amazon.co.uk,Female,Digitube,Administrative Officer
Suzanne,Kitlee,skitleekh@homestead.com,Agender,Youspan,Senior Editor
Janette,Cassley,jcassleyki@storify.com,Female,Vimbo,Senior Sales Associate
Dominic,Lazell,dlazellkj@wikispaces.com,Male,Topdrive,General Manager
Franni,Haverson,fhaversonkk@alibaba.com,Female,Zooxo,Design Engineer
Clemente,Hebbs,chebbskl@geocities.com,Male,Yakitri,Data Coordiator
Tamar,Fearenside,tfearensidekm@latimes.com,Female,Browseblab,Account Coordinator
Derril,Brims,dbrimskn@reddit.com,Male,Yodo,Pharmacist
Bruno,Verriour,bverriourko@pagesperso-orange.fr,Male,Ozu,Budget/Accounting Analyst II
Karry,O' Ronan,koronankp@woothemes.com,Female,Quinu,Software Test Engineer I
Suzanne,McKerton,smckertonkq@amazon.de,Female,Tagopia,Financial Advisor
Debera,Raynard,draynardkr@harvard.edu,Female,Edgetag,Sales Representative
Costa,MacGee,cmacgeeks@cafepress.com,Male,Katz,Technical Writer
Marlowe,Livesay,mlivesaykt@ning.com,Male,Flashpoint,Statistician III
Syman,Ludee,sludeeku@scientificamerican.com,Genderfluid,Jaloo,GIS Technical Architect
Padraic,Earland,pearlandkv@mozilla.org,Male,Yamia,Senior Editor
Lavena,Inkpen,linkpenkw@amazon.de,Female,Lazzy,Graphic Designer
Leupold,Elton,leltonkx@pbs.org,Male,Divanoodle,Actuary
Ariel,Mahy,amahyky@sbwire.com,Male,Oyoba,Financial Analyst
Zahara,Postill,zpostillkz@washingtonpost.com,Female,Jabberbean,Programmer Analyst IV
Bernhard,Sainte Paul,bsaintepaull0@paginegialle.it,Male,Skipstorm,Occupational Therapist
Maribel,Catherick,mcatherickl1@nature.com,Female,Twitterlist,Data Coordiator
Feodor,Bengtsson,fbengtssonl2@pbs.org,Male,Yambee,Web Designer IV
Dix,Rubertis,drubertisl3@archive.org,Female,Yakijo,Health Coach IV
Shurlock,Boulger,sboulgerl4@blogspot.com,Male,Flashdog,Staff Scientist
Dede,Witherop,dwitheropl5@baidu.com,Female,Realblab,Clinical Specialist
Jemie,Lelievre,jlelievrel6@opera.com,Female,Gabtune,Financial Advisor
Gonzales,Joiner,gjoinerl7@irs.gov,Male,Tagchat,Account Coordinator
Elonore,Neillans,eneillansl8@java.com,Female,Jaxbean,Mechanical Systems Engineer
Shell,Carnson,scarnsonl9@va.gov,Female,Topdrive,Information Systems Manager
Hillery,Bachelor,hbachelorla@va.gov,Male,Geba,Technical Writer
Regan,Mc Cahey,rmccaheylb@techcrunch.com,Female,Omba,Chemical Engineer
Herculie,Drewery,hdrewerylc@google.nl,Male,Skinder,Junior Executive
Van,Jaye,vjayeld@dell.com,Male,Topicstorm,Payment Adjustment Coordinator
Morrie,Ferne,mfernele@reuters.com,Male,Buzzdog,Administrative Assistant III
Rosemarie,Sommerling,rsommerlinglf@angelfire.com,Bigender,Kwimbee,Speech Pathologist
Cecilla,Pyer,cpyerlg@gov.uk,Female,Twitterlist,VP Accounting
Charmine,Tirkin,ctirkinlh@fc2.com,Female,Cogibox,Occupational Therapist
Mitch,Gallatly,mgallatlyli@yellowbook.com,Genderqueer,Feedbug,Design Engineer
Kacy,Zeplin,kzeplinlj@unblog.fr,Female,Kwimbee,Assistant Manager
Marti,Costanza,mcostanzalk@walmart.com,Female,Kwideo,Professor
Marlon,Pacheco,mpachecoll@abc.net.au,Male,Lajo,Office Assistant II
Raddie,Redholls,rredhollslm@shutterfly.com,Male,Vidoo,Senior Sales Associate
Stewart,Matus,smatusln@free.fr,Male,Voolia,Professor
Kathlin,Jirusek,kjiruseklo@so-net.ne.jp,Female,Browsetype,Quality Control Specialist
Kalle,Flecknell,kflecknelllp@walmart.com,Male,Meetz,Statistician II
Francyne,Tatton,ftattonlq@naver.com,Female,Linkbridge,Senior Editor
Quillan,Christopherson,qchristophersonlr@edublogs.org,Male,Meevee,Software Consultant
Weylin,Foynes,wfoynesls@dedecms.com,Male,Fliptune,Account Coordinator
Meaghan,Anstis,manstislt@tamu.edu,Female,Oozz,Accountant III
Nerita,Prandi,nprandilu@twitter.com,Female,Roomm,Operator
Cahra,Addie,caddielv@microsoft.com,Genderfluid,Thoughtmix,Business Systems Development Analyst
Horatio,Giriardelli,hgiriardellilw@deviantart.com,Male,Quatz,Sales Representative
Massimiliano,Pirdue,mpirduelx@uol.com.br,Male,Jabbercube,Chief Design Engineer
Caleb,Conradsen,cconradsenly@spotify.com,Male,Youopia,Sales Associate
Terrell,Bompas,tbompaslz@stumbleupon.com,Male,Linkbridge,Civil Engineer
Eduardo,Chatenier,echatenierm0@prnewswire.com,Male,Jaxworks,Technical Writer
Horten,Lowten,hlowtenm1@cafepress.com,Male,Quamba,Community Outreach Specialist
Christina,Inchboard,cinchboardm2@wordpress.com,Female,Feedfire,Senior Sales Associate
Cass,Cottisford,ccottisfordm3@blogs.com,Female,Plajo,Desktop Support Technician
Colet,Ortsmann,cortsmannm4@themeforest.net,Male,Yakijo,Programmer Analyst I
Brit,Mewrcik,bmewrcikm5@alibaba.com,Female,Devpoint,Financial Advisor
Seth,Farquhar,sfarquharm6@epa.gov,Male,Browsezoom,Financial Analyst
Price,Jakolevitch,pjakolevitchm7@flavors.me,Male,Feedspan,Administrative Assistant III
Kendrick,Mullaly,kmullalym8@paypal.com,Male,Twiyo,Data Coordiator
Erek,Fraczkiewicz,efraczkiewiczm9@sun.com,Male,Fiveclub,Office Assistant IV
Aliza,Cannicott,acannicottma@walmart.com,Female,Gigashots,Graphic Designer
Eadie,Weekes,eweekesmb@blog.com,Female,Kanoodle,Tax Accountant
Isidor,Droogan,idrooganmc@ucoz.com,Male,Skivee,VP Sales
Calla,Vanstone,cvanstonemd@yolasite.com,Female,Bubbletube,Senior Editor
Rochelle,Hingeley,rhingeleyme@t-online.de,Female,Livefish,Senior Financial Analyst
Allyn,Ranyell,aranyellmf@jimdo.com,Male,Browsedrive,Senior Financial Analyst
Rafaellle,Boarleyson,rboarleysonmg@jalbum.net,Male,Buzzbean,Analyst Programmer
Stephana,Redhole,sredholemh@constantcontact.com,Female,Devshare,Budget/Accounting Analyst IV
Milicent,Cryer,mcryermi@wp.com,Female,Buzzdog,VP Quality Control
Grange,Fortune,gfortunemj@seattletimes.com,Male,Meezzy,Engineer I
Maggie,Veldstra,mveldstramk@paginegialle.it,Female,Mybuzz,Administrative Assistant II
Thomasine,Whitmore,twhitmoreml@ning.com,Female,Voonix,Account Executive
Jobie,Rollinson,jrollinsonmm@live.com,Female,Zava,Junior Executive
Timothee,Impey,timpeymn@harvard.edu,Male,LiveZ,Programmer III
Morgun,Leynham,mleynhammo@upenn.edu,Bigender,Tagfeed,Nuclear Power Engineer
Ronald,Barents,rbarentsmp@example.com,Male,Aimbo,Chemical Engineer
Domingo,Lage,dlagemq@i2i.jp,Male,Twinte,Account Executive
Rem,Koop,rkoopmr@arizona.edu,Male,Realfire,Account Coordinator
Trenton,Dearden,tdeardenms@nps.gov,Polygender,Dablist,Budget/Accounting Analyst IV
Franz,Bruneton,fbrunetonmt@chicagotribune.com,Male,Mynte,Financial Advisor
Corenda,Luparti,clupartimu@wikia.com,Agender,Twiyo,Associate Professor
Avery,Locarno,alocarnomv@clickbank.net,Male,Rhyzio,Account Representative I
Donelle,Camidge,dcamidgemw@163.com,Female,Demivee,Analog Circuit Design manager
Horatio,Kurten,hkurtenmx@ucsd.edu,Male,Gigazoom,VP Marketing
Arlyne,Ruprecht,aruprechtmy@columbia.edu,Female,Mudo,Financial Advisor
Fairleigh,Lesek,flesekmz@dyndns.org,Male,Meedoo,Computer Systems Analyst III
Emmett,Bassford,ebassfordn0@pinterest.com,Polygender,Tazzy,Help Desk Operator
Stanleigh,Skoate,sskoaten1@addtoany.com,Male,Yata,Biostatistician III
Forest,Frayling,ffraylingn2@arizona.edu,Male,Fivebridge,Chemical Engineer
Nicko,Wooffitt,nwooffittn3@java.com,Male,Camido,Assistant Media Planner
Luci,Malinson,lmalinsonn4@sogou.com,Female,Jabbersphere,Community Outreach Specialist
Brandyn,Tendahl,btendahln5@amazon.co.uk,Male,Tekfly,Software Test Engineer IV
Elizabet,Brannan,ebrannann6@ycombinator.com,Female,Twitterworks,Analyst Programmer
Ambrosius,Gowman,agowmann7@google.com.au,Male,Tagcat,Account Executive
Iosep,Kipping,ikippingn8@apple.com,Male,Youfeed,Health Coach I
Catherina,O'Kenny,cokennyn9@cpanel.net,Female,Riffpedia,Clinical Specialist
Irene,Bush,ibushna@histats.com,Female,Gigashots,VP Quality Control
Niko,Ridgwell,nridgwellnb@cnn.com,Polygender,Tagcat,Mechanical Systems Engineer
Sibilla,Eastbrook,seastbrooknc@phoca.cz,Female,Livefish,Nurse
Jerome,Zambonini,jzamboninind@wufoo.com,Male,Oyonder,Nuclear Power Engineer
Vergil,Salvatore,vsalvatorene@marriott.com,Male,Fatz,Senior Cost Accountant
Reta,Newland,rnewlandnf@bigcartel.com,Female,Buzzbean,Nurse
Ryun,Crossby,rcrossbyng@aol.com,Male,Camido,Account Executive
Hale,Wardingly,hwardinglynh@opera.com,Male,Jetwire,Marketing Assistant
Ondrea,Philipson,ophilipsonni@miitbeian.gov.cn,Female,Livefish,Food Chemist
Patton,Danilchenko,pdanilchenkonj@reuters.com,Male,Tazz,Senior Financial Analyst
Davon,Scheffel,dscheffelnk@biblegateway.com,Male,JumpXS,Occupational Therapist
Ursa,Bedder,ubeddernl@blinklist.com,Female,Wikizz,Help Desk Technician
Suzanne,Puzey,spuzeynm@nydailynews.com,Female,Aibox,Senior Quality Engineer
Christian,Ternault,cternaultnn@earthlink.net,Female,Realcube,Programmer I
Mela,Bassingham,mbassinghamno@histats.com,Female,Topdrive,Cost Accountant
Sheeree,Lawland,slawlandnp@seesaa.net,Female,Zoomcast,Environmental Specialist
Stacia,Hefforde,sheffordenq@microsoft.com,Female,Riffpedia,Registered Nurse
Ethelyn,Pabelik,epabeliknr@blinklist.com,Female,Wordware,Tax Accountant
Susette,Kynsey,skynseyns@webeden.co.uk,Female,Zooveo,General Manager
Maxie,Iori,miorint@dot.gov,Male,Twitterbridge,GIS Technical Architect
Jolie,Marquese,jmarquesenu@aboutads.info,Female,Roomm,Cost Accountant
Sabra,Upchurch,supchurchnv@posterous.com,Female,Photobug,Software Engineer IV
Raul,Bullerwell,rbullerwellnw@dion.ne.jp,Male,BlogXS,Staff Scientist
Kirstin,Orsi,korsinx@shareasale.com,Female,Divanoodle,Recruiter
Callie,Hurtado,churtadony@topsy.com,Female,Katz,Internal Auditor
Ignaz,Zaniolini,izaniolininz@salon.com,Bigender,Skyvu,Teacher
Loleta,Olivari,lolivario0@pcworld.com,Female,Buzzdog,Librarian
Liv,Pochin,lpochino1@wsj.com,Female,Flashpoint,Technical Writer
Benjamen,Hoggan,bhoggano2@xinhuanet.com,Non-binary,Youfeed,Senior Sales Associate
Archambault,Burwood,aburwoodo3@fc2.com,Male,Bubblebox,Senior Sales Associate
Drud,Woodruff,dwoodruffo4@admin.ch,Male,Browsebug,Office Assistant III
Kikelia,Nevet,kneveto5@nbcnews.com,Agender,Eabox,Structural Analysis Engineer
Carny,Foulgham,cfoulghamo6@t-online.de,Male,Innotype,Geological Engineer
Aubrey,Clemitt,aclemitto7@spotify.com,Male,Rhynyx,Registered Nurse
Melody,Simoneau,msimoneauo8@usnews.com,Female,Flashset,Senior Cost Accountant
Cesar,Howman,chowmano9@indiegogo.com,Male,Yodo,Marketing Manager
Florrie,Vanyukov,fvanyukovoa@uol.com.br,Female,Talane,Civil Engineer
Drusie,Iacovuzzi,diacovuzziob@weather.com,Female,Yakitri,Nurse Practicioner
Marten,Dumigan,mdumiganoc@bravesites.com,Male,Photobean,Human Resources Assistant I
Pavia,Benda,pbendaod@ovh.net,Female,Quimba,Paralegal
Edwin,Henrie,ehenrieoe@spotify.com,Male,Npath,Environmental Specialist
Merry,Cuthbertson,mcuthbertsonof@de.vu,Male,Abatz,Help Desk Operator
Mariele,Gentry,mgentryog@woothemes.com,Female,Jabbersphere,Clinical Specialist
Amata,Erik,aerikoh@flickr.com,Female,Demivee,Statistician III
Culley,Ben-Aharon,cbenaharonoi@ucla.edu,Male,Yodel,Accountant II
Glendon,Gorick,ggorickoj@parallels.com,Male,Realcube,Clinical Specialist
Morgen,Jolliss,mjollissok@marriott.com,Agender,Oodoo,Safety Technician IV
Todd,Rust,trustol@sciencedirect.com,Male,Skipfire,Operator
Petronia,Haskur,phaskurom@yellowbook.com,Female,Skyndu,Geologist I
Merlina,Dana,mdanaon@pcworld.com,Female,Edgewire,Systems Administrator III
Heath,Bucknall,hbucknalloo@baidu.com,Male,Mycat,Account Representative IV
Cletis,Raulin,craulinop@craigslist.org,Male,Thoughtstorm,Editor
Marty,Rainton,mraintonoq@blogger.com,Male,Shuffletag,Research Associate
Mahala,Becerro,mbecerroor@smugmug.com,Polygender,Yakidoo,Administrative Officer
Spenser,Swetmore,sswetmoreos@vk.com,Male,Linkbuzz,Senior Sales Associate
Gorden,Jacqueminet,gjacqueminetot@1und1.de,Male,Wikibox,Quality Engineer
Haydon,Pheby,hphebyou@bing.com,Male,Jabbersphere,Geologist IV
Louisa,Houndesome,lhoundesomeov@google.nl,Bigender,Myworks,Occupational Therapist
Gerty,Keilty,gkeiltyow@diigo.com,Female,Skipstorm,Statistician II
Franzen,Ackery,fackeryox@multiply.com,Male,Edgetag,Nuclear Power Engineer
Ade,Targett,atargettoy@bbb.org,Male,Midel,Staff Accountant IV
August,Sherreard,asherreardoz@free.fr,Male,Jaxworks,Chief Design Engineer
Zackariah,Giacomuzzi,zgiacomuzzip0@surveymonkey.com,Male,Aimbo,Executive Secretary
Mikey,Danilyuk,mdanilyukp1@dailymail.co.uk,Male,Ntags,Marketing Assistant
Diana,Boxill,dboxillp2@github.io,Female,Fanoodle,Account Representative II
Stuart,Jobke,sjobkep3@auda.org.au,Male,Brainlounge,Dental Hygienist
Tristam,Jurek,tjurekp4@npr.org,Male,Tagcat,Speech Pathologist
Zelma,Jenkison,zjenkisonp5@bloglovin.com,Female,Youspan,Project Manager
Theo,Clemon,tclemonp6@naver.com,Female,Zoovu,Automation Specialist I
Ichabod,Story,istoryp7@wikia.com,Polygender,Brightdog,Librarian
Dannel,Franssen,dfranssenp8@alexa.com,Male,Oyonder,Design Engineer
Sonnie,Axcell,saxcellp9@theguardian.com,Female,Digitube,Senior Developer
Ottilie,Carville,ocarvillepa@goodreads.com,Female,Realblab,Financial Analyst
Cristian,Gulvin,cgulvinpb@cpanel.net,Male,Edgeify,Professor
Merwyn,Tommasetti,mtommasettipc@phpbb.com,Male,Brainsphere,Programmer II
Deina,Krolik,dkrolikpd@buzzfeed.com,Female,Skipfire,Product Engineer
Marcelline,McGlue,mmcgluepe@bluehost.com,Bigender,Avamm,Nurse
Nickey,Sultana,nsultanapf@cloudflare.com,Male,Browsecat,Design Engineer
Darelle,Storrock,dstorrockpg@webmd.com,Female,Flipopia,Accountant II
Theresita,Ickovits,tickovitsph@sfgate.com,Female,Vipe,Software Consultant
Ralina,Nutkins,rnutkinspi@arizona.edu,Female,Buzzster,Librarian
Cornelia,Chesters,cchesterspj@slate.com,Bigender,Skyndu,Environmental Tech
Tabbie,Dacombe,tdacombepk@china.com.cn,Female,Yodoo,Compensation Analyst
Tedmund,Kembley,tkembleypl@mozilla.com,Male,Fiveclub,Chief Design Engineer
Corrianne,Bruinsma,cbruinsmapm@hc360.com,Female,Jaxnation,Human Resources Manager
Fernandina,Garvie,fgarviepn@dailymail.co.uk,Female,Chatterpoint,Account Executive
Abel,Grzegorek,agrzegorekpo@house.gov,Male,Gabcube,Administrative Assistant III
Nicolais,Wheble,nwheblepp@deliciousdays.com,Male,Edgetag,Structural Analysis Engineer
Rosene,Stoodley,rstoodleypq@narod.ru,Female,Devify,Editor
Agnella,Kubelka,akubelkapr@ucoz.com,Female,Leexo,Environmental Tech
Kennie,Jeakins,kjeakinsps@t-online.de,Bigender,Flipstorm,Automation Specialist I
Ermin,Cowpe,ecowpept@bbc.co.uk,Male,Vitz,Health Coach I
Elwin,Cullity,ecullitypu@webnode.com,Male,Tagopia,Statistician I
Constantine,Harral,charralpv@usda.gov,Bigender,Skidoo,Legal Assistant
Dewey,Boddam,dboddampw@newsvine.com,Male,Dynabox,Analog Circuit Design manager
Jerri,Weston,jwestonpx@upenn.edu,Male,Zoozzy,Accountant III
Chelsey,Ratie,cratiepy@github.io,Female,Nlounge,Engineer III
Lev,MacFadzean,lmacfadzeanpz@narod.ru,Male,Jatri,Legal Assistant
Monah,Larose,mlaroseq0@printfriendly.com,Female,Brainverse,Software Test Engineer I
Cherianne,Hymus,chymusq1@si.edu,Female,Muxo,Tax Accountant
Philbert,Fullom,pfullomq2@tripadvisor.com,Male,Rhynyx,VP Quality Control
Cilka,Swateridge,cswateridgeq3@stanford.edu,Female,Gigabox,Senior Developer
Atlanta,Flockhart,aflockhartq4@amazon.de,Female,Einti,Associate Professor
Dyanna,Roussell,droussellq5@typepad.com,Female,Innojam,Accounting Assistant II
Kory,Pelerin,kpelerinq6@timesonline.co.uk,Male,Edgeify,Senior Editor
Steffen,Gurner,sgurnerq7@biglobe.ne.jp,Agender,Vinte,Safety Technician I
Margery,Todaro,mtodaroq8@deviantart.com,Female,Kayveo,Financial Analyst
Gualterio,Lanktree,glanktreeq9@netscape.com,Male,Blogtag,Software Consultant
Blair,Musico,bmusicoqa@scribd.com,Female,Twimbo,Sales Representative
Joanna,Wyldbore,jwyldboreqb@smh.com.au,Female,Buzzbean,Administrative Officer
Gill,Rockall,grockallqc@mashable.com,Male,Quatz,Geological Engineer
Lilah,Littefair,llittefairqd@thetimes.co.uk,Female,Browsedrive,Recruiter
Aleece,Buck,abuckqe@ibm.com,Female,Skiptube,Editor
Lucia,Stolle,lstolleqf@artisteer.com,Female,Rhybox,Graphic Designer
Burch,Hovington,bhovingtonqg@live.com,Male,Tanoodle,Account Executive
Harcourt,Vasilechko,hvasilechkoqh@buzzfeed.com,Male,Linklinks,Structural Analysis Engineer
Anthia,Woolnough,awoolnoughqi@oakley.com,Female,Youfeed,Mechanical Systems Engineer
Janenna,Mardling,jmardlingqj@ibm.com,Genderfluid,Npath,Internal Auditor
Shelli,Barniss,sbarnissqk@hexun.com,Female,Yoveo,Computer Systems Analyst I
Everard,Sanney,esanneyql@kickstarter.com,Male,Babbleset,Nuclear Power Engineer
Lisabeth,Kummerlowe,lkummerloweqm@tripod.com,Female,Pixope,Structural Engineer
Roseann,McFadyen,rmcfadyenqn@miitbeian.gov.cn,Female,Blogtags,Environmental Tech
Vinnie,Byles,vbylesqo@goo.ne.jp,Agender,Meejo,Food Chemist
Elianore,Olivari,eolivariqp@barnesandnoble.com,Female,Buzzbean,Systems Administrator IV
Giusto,Desforges,gdesforgesqq@blinklist.com,Male,Zoombeat,Professor
Isahella,Luxon,iluxonqr@4shared.com,Female,Skilith,Desktop Support Technician
Donica,Cuffe,dcuffeqs@vk.com,Female,Gabtune,Biostatistician II
Pieter,Bushell,pbushellqt@fc2.com,Male,Wikido,Nuclear Power Engineer
Stephine,Haacker,shaackerqu@xrea.com,Female,Photobug,Health Coach II
Huntley,Solomonides,hsolomonidesqv@spotify.com,Male,Wikibox,Chief Design Engineer
Madeline,MacWhirter,mmacwhirterqw@google.nl,Female,Divanoodle,Legal Assistant
Yevette,Boolsen,yboolsenqx@mapquest.com,Female,Jabbertype,Graphic Designer
Lemuel,Bampforth,lbampforthqy@addthis.com,Male,Meeveo,Actuary
Annaliese,Murphy,amurphyqz@vinaora.com,Female,Trupe,VP Quality Control
Kilian,Lalevee,klaleveer0@altervista.org,Male,Lazzy,Product Engineer
Nefen,Castana,ncastanar1@seesaa.net,Male,Zoomlounge,Geological Engineer
Jessalyn,Impett,jimpettr2@etsy.com,Female,Yabox,Automation Specialist III
Lulita,Gawne,lgawner3@msn.com,Female,Dynabox,Senior Editor
Kate,Mariotte,kmariotter4@wikimedia.org,Female,Feedbug,Account Executive
Carlo,Ives,civesr5@blog.com,Bigender,Digitube,Payment Adjustment Coordinator
Jabez,McCabe,jmccaber6@joomla.org,Male,Flipbug,Sales Associate
Kesley,Fowle,kfowler7@cbc.ca,Female,Mita,Senior Quality Engineer
Luke,McKniely,lmcknielyr8@cloudflare.com,Bigender,Youspan,Civil Engineer
Simone,Miskin,smiskinr9@nytimes.com,Male,Oyondu,Analog Circuit Design manager
Phedra,Callard,pcallardra@goo.gl,Female,Twinder,Senior Developer
Shoshana,Trenaman,strenamanrb@jimdo.com,Female,Topicshots,Financial Advisor
Stephanie,Levicount,slevicountrc@drupal.org,Female,Dabtype,Automation Specialist III
Torin,Scutcheon,tscutcheonrd@hp.com,Male,Teklist,Automation Specialist III
Rip,Persent,rpersentre@cam.ac.uk,Male,Zoomzone,Account Representative II
Abbe,Lucey,aluceyrf@vimeo.com,Male,Skalith,Budget/Accounting Analyst II
Carline,Ayers,cayersrg@indiatimes.com,Female,Linklinks,Desktop Support Technician
Rosie,Spurret,rspurretrh@yellowpages.com,Female,Meezzy,Desktop Support Technician
Cole,Morratt,cmorrattri@youtube.com,Male,Voonte,Web Designer III
Lisbeth,Petican,lpeticanrj@meetup.com,Female,Babblestorm,Assistant Media Planner
Salomi,Mapam,smapamrk@mail.ru,Female,Reallinks,Professor
Tilda,Harms,tharmsrl@so-net.ne.jp,Female,Kazu,Executive Secretary
Antoinette,Lyburn,alyburnrm@ebay.com,Female,Agimba,Physical Therapy Assistant
Elysia,Barwell,ebarwellrn@wikia.com,Female,Tazzy,Office Assistant III
Peirce,Tesoe,ptesoero@opera.com,Male,Flipstorm,Senior Cost Accountant
Mead,Vinck,mvinckrp@jugem.jp,Female,Thoughtbeat,Web Developer III
Gabi,Westrope,gwestroperq@whitehouse.gov,Male,Skinte,Recruiter
Judas,Screen,jscreenrr@themeforest.net,Male,Izio,VP Marketing
